query_id,logical_query_id,mode,attempt_index,initiator_worker,source_worker,topic,finalized,latency_seconds,nodes_contacted,max_hop,source_reached,pageindex_calls,pageindex_latency_seconds_total,pageindex_latency_seconds_max,pageindex_latency_seconds_avg,pageindex_latency_count,evidence_count,retrieval_success,not_found,final_failed
npygpdnh-q1::chain_hop::node7::attempt1,npygpdnh-q1::chain_hop::node7,chain_hop,1,node7,node1,Local Arts and Culture,True,71.07320887499372,2,1,False,2,28.136010707967216,19.949186595971696,14.068005353983608,2,1,True,False,False
npygpdnh-q1::chain_hop::node7::attempt2,npygpdnh-q1::chain_hop::node7,chain_hop,2,node7,node1,Local Arts and Culture,True,65.65304730201024,2,1,False,2,23.374092014011694,15.211449091002578,11.687046007005847,2,1,True,False,False
npygpdnh-q2::chain_hop::node29::attempt1,npygpdnh-q2::chain_hop::node29,chain_hop,1,node29,node1,Local Arts and Culture,True,69.2531073349819,3,2,True,3,15.114569930010475,8.177346563985338,5.038189976670158,3,2,True,False,False
npygpdnh-q2::chain_hop::node29::attempt2,npygpdnh-q2::chain_hop::node29,chain_hop,2,node29,node1,Local Arts and Culture,True,73.54381764100981,3,2,True,3,17.400647294038208,10.500341636012308,5.800215764679403,3,2,True,False,False
npygpdnh-q3::chain_hop::node7::attempt1,npygpdnh-q3::chain_hop::node7,chain_hop,1,node7,node1,Local Arts and Culture,True,60.06440507498337,4,3,True,4,13.833567612979095,3.4676804009941407,3.458391903244774,4,0,False,True,False
npygpdnh-q3::chain_hop::node7::attempt2,npygpdnh-q3::chain_hop::node7,chain_hop,2,node7,node1,Local Arts and Culture,True,60.06467567200889,4,3,True,4,13.812709658028325,3.4572666349995416,3.4531774145070813,4,0,False,True,False
sokjefpf-q1::chain_hop::node30::attempt1,sokjefpf-q1::chain_hop::node30,chain_hop,1,node30,node2,Local Arts and Culture,True,60.11771704800776,4,3,True,4,28.00565835798625,8.209969997988082,7.001414589496562,4,0,False,True,False
sokjefpf-q1::chain_hop::node30::attempt2,sokjefpf-q1::chain_hop::node30,chain_hop,2,node30,node2,Local Arts and Culture,True,60.06403396697715,4,3,True,4,27.9234908639919,8.16624675699859,6.980872715997975,4,0,False,True,False
sokjefpf-q2::chain_hop::node24::attempt1,sokjefpf-q2::chain_hop::node24,chain_hop,1,node24,node2,Local Arts and Culture,True,60.0739708210167,4,3,True,4,25.591009163006674,10.52102706299047,6.397752290751669,4,0,False,True,False
sokjefpf-q2::chain_hop::node24::attempt2,sokjefpf-q2::chain_hop::node24,chain_hop,2,node24,node2,Local Arts and Culture,True,60.0648148060136,4,3,True,4,27.98521972101298,12.852862730011111,6.996304930253245,4,0,False,True,False
sokjefpf-q3::chain_hop::node24::attempt1,sokjefpf-q3::chain_hop::node24,chain_hop,1,node24,node2,Local Arts and Culture,True,68.0460620399972,4,3,False,4,30.31169776900788,12.888124863995472,7.57792444225197,4,4,True,False,False
sokjefpf-q3::chain_hop::node24::attempt2,sokjefpf-q3::chain_hop::node24,chain_hop,2,node24,node2,Local Arts and Culture,True,60.04556356600369,4,3,False,4,13.852520812972216,3.4864221019961406,3.463130203243054,4,0,False,True,False
qsuyamen-q1::chain_hop::node21::attempt1,qsuyamen-q1::chain_hop::node21,chain_hop,1,node21,node2,Local Arts and Culture,True,60.16976742900442,4,3,False,4,13.79337237495929,3.4592338029760867,3.4483430937398225,4,0,False,True,False
qsuyamen-q1::chain_hop::node21::attempt2,qsuyamen-q1::chain_hop::node21,chain_hop,2,node21,node2,Local Arts and Culture,True,60.07101189199602,4,3,False,4,16.15168679994531,5.803088083979674,4.037921699986327,4,0,False,True,False
qsuyamen-q2::chain_hop::node1::attempt1,qsuyamen-q2::chain_hop::node1,chain_hop,1,node1,node2,Local Arts and Culture,True,64.17857799801277,2,1,True,2,11.621071895991918,8.16579758899752,5.810535947995959,2,1,True,False,False
qsuyamen-q2::chain_hop::node1::attempt2,qsuyamen-q2::chain_hop::node1,chain_hop,2,node1,node2,Local Arts and Culture,True,64.99359639099566,2,1,True,2,11.611891819979064,8.159659445984289,5.805945909989532,2,1,True,False,False
qsuyamen-q3::chain_hop::node22::attempt1,qsuyamen-q3::chain_hop::node22,chain_hop,1,node22,node2,Local Arts and Culture,True,74.45822996800416,2,1,False,2,11.627460082963808,8.158342427981552,5.813730041481904,2,1,True,False,False
qsuyamen-q3::chain_hop::node22::attempt2,qsuyamen-q3::chain_hop::node22,chain_hop,2,node22,node2,Local Arts and Culture,True,71.57477313000709,2,1,False,2,11.607667650998337,8.14951233199099,5.803833825499169,2,1,True,False,False
mlqtjntb-q1::chain_hop::node30::attempt1,mlqtjntb-q1::chain_hop::node30,chain_hop,1,node30,node1,Local Arts and Culture,True,64.84833744599018,2,1,True,2,11.617254715005402,8.161955210001906,5.808627357502701,2,4,True,False,False
mlqtjntb-q1::chain_hop::node30::attempt2,mlqtjntb-q1::chain_hop::node30,chain_hop,2,node30,node1,Local Arts and Culture,True,70.84382722401642,2,1,True,2,14.012070088996552,10.567478251003195,7.006035044498276,2,3,True,False,False
mlqtjntb-q2::chain_hop::node24::attempt1,mlqtjntb-q2::chain_hop::node24,chain_hop,1,node24,node1,Local Arts and Culture,True,68.6920826540154,2,1,True,2,11.631674686970655,8.177258708979934,5.815837343485327,2,1,True,False,False
mlqtjntb-q2::chain_hop::node24::attempt2,mlqtjntb-q2::chain_hop::node24,chain_hop,2,node24,node1,Local Arts and Culture,True,65.15969907201361,2,1,True,2,16.330120744969463,12.878186122979969,8.165060372484731,2,2,True,False,False
mlqtjntb-q3::chain_hop::node10::attempt1,mlqtjntb-q3::chain_hop::node10,chain_hop,1,node10,node1,Local Arts and Culture,True,60.14394689301844,1,0,False,1,3.4509621399920434,3.4509621399920434,3.4509621399920434,1,0,False,True,False
mlqtjntb-q3::chain_hop::node10::attempt2,mlqtjntb-q3::chain_hop::node10,chain_hop,2,node10,node1,Local Arts and Culture,True,60.07052047000616,1,0,False,1,3.4457020279951394,3.4457020279951394,3.4457020279951394,1,0,False,True,False
ufkzbdbg-q1::chain_hop::node5::attempt1,ufkzbdbg-q1::chain_hop::node5,chain_hop,1,node5,node3,Local Education Systems,True,66.6767136779963,3,2,True,3,24.450805143016623,17.570480641996255,8.15026838100554,3,6,True,False,False
ufkzbdbg-q1::chain_hop::node5::attempt2,ufkzbdbg-q1::chain_hop::node5,chain_hop,2,node5,node3,Local Education Systems,True,70.19933277598466,3,2,True,3,17.406236480979715,10.519351052003913,5.802078826993238,3,6,True,False,False
ufkzbdbg-q2::chain_hop::node31::attempt1,ufkzbdbg-q2::chain_hop::node31,chain_hop,1,node31,node3,Local Education Systems,True,60.072735485009616,4,3,False,4,32.6307096129749,10.502294687990798,8.157677403243724,4,0,False,True,False
ufkzbdbg-q2::chain_hop::node31::attempt2,ufkzbdbg-q2::chain_hop::node31,chain_hop,2,node31,node3,Local Education Systems,True,60.06583191000391,4,3,False,4,34.99745537596755,12.848574108997127,8.749363843991887,4,0,False,True,False
ufkzbdbg-q3::chain_hop::node12::attempt1,ufkzbdbg-q3::chain_hop::node12,chain_hop,1,node12,node3,Local Education Systems,True,60.04537389698089,1,0,False,1,3.45252940399223,3.45252940399223,3.45252940399223,1,0,False,True,False
ufkzbdbg-q3::chain_hop::node12::attempt2,ufkzbdbg-q3::chain_hop::node12,chain_hop,2,node12,node3,Local Education Systems,True,60.083137543988414,1,0,False,1,3.4568707659782376,3.4568707659782376,3.4568707659782376,1,0,False,True,False
gkvmripm-q1::chain_hop::node31::attempt1,gkvmripm-q1::chain_hop::node31,chain_hop,1,node31,node3,Local Education Systems,True,70.1690698970051,2,1,False,2,18.745732518000295,10.514460648992099,9.372866259000148,2,2,True,False,False
gkvmripm-q1::chain_hop::node31::attempt2,gkvmripm-q1::chain_hop::node31,chain_hop,2,node31,node3,Local Education Systems,True,73.51548257801915,2,1,False,2,16.346839092031587,8.193615362019045,8.173419546015793,2,2,True,False,False
gkvmripm-q2::chain_hop::node21::attempt1,gkvmripm-q2::chain_hop::node21,chain_hop,1,node21,node3,Local Education Systems,True,69.77329960800125,1,0,False,1,8.191413384018233,8.191413384018233,8.191413384018233,1,1,True,False,False
gkvmripm-q2::chain_hop::node21::attempt2,gkvmripm-q2::chain_hop::node21,chain_hop,2,node21,node3,Local Education Systems,True,67.32693749599275,1,0,False,1,8.16064209502656,8.16064209502656,8.16064209502656,1,1,True,False,False
gkvmripm-q3::chain_hop::node9::attempt1,gkvmripm-q3::chain_hop::node9,chain_hop,1,node9,node3,Local Education Systems,True,60.07088896998903,1,0,False,1,3.4615814040007535,3.4615814040007535,3.4615814040007535,1,0,False,True,False
gkvmripm-q3::chain_hop::node9::attempt2,gkvmripm-q3::chain_hop::node9,chain_hop,2,node9,node3,Local Education Systems,True,60.06979483598843,1,0,False,1,3.4512129240029026,3.4512129240029026,3.4512129240029026,1,0,False,True,False
xuheqple-q1::chain_hop::node7::attempt1,xuheqple-q1::chain_hop::node7,chain_hop,1,node7,node4,Local Education Systems,True,102.15922983799828,2,1,True,2,16.3657805910334,12.903509498020867,8.1828902955167,2,9,True,False,False
xuheqple-q1::chain_hop::node7::attempt2,xuheqple-q1::chain_hop::node7,chain_hop,2,node7,node4,Local Education Systems,True,86.0374388420023,2,1,True,2,28.073160631029168,24.616283970011864,14.036580315514584,2,9,True,False,False
xuheqple-q2::chain_hop::node15::attempt1,xuheqple-q2::chain_hop::node15,chain_hop,1,node15,node4,Local Education Systems,True,62.1655893069983,4,3,True,4,18.542904183006613,8.173456977994647,4.635726045751653,4,1,True,False,False
xuheqple-q2::chain_hop::node15::attempt2,xuheqple-q2::chain_hop::node15,chain_hop,2,node15,node4,Local Education Systems,True,65.15221622100216,4,3,True,4,18.54589049704373,8.186495338013628,4.636472624260932,4,1,True,False,False
xuheqple-q3::chain_hop::node26::attempt1,xuheqple-q3::chain_hop::node26,chain_hop,1,node26,node4,Local Education Systems,True,60.19828904501628,4,3,True,4,11.477020684018498,3.47113182299654,2.8692551710046246,4,0,False,True,False
xuheqple-q3::chain_hop::node26::attempt2,xuheqple-q3::chain_hop::node26,chain_hop,2,node26,node4,Local Education Systems,True,70.65574670900241,3,2,True,3,15.063681774016004,8.162134726007935,5.021227258005335,3,2,True,False,False
xdlihuno-q1::chain_hop::node7::attempt1,xdlihuno-q1::chain_hop::node7,chain_hop,1,node7,node4,Local Education Systems,True,65.65492292700219,1,0,False,1,8.156778542004758,8.156778542004758,8.156778542004758,1,4,True,False,False
xdlihuno-q1::chain_hop::node7::attempt2,xdlihuno-q1::chain_hop::node7,chain_hop,2,node7,node4,Local Education Systems,True,99.7025154249859,1,0,False,1,8.168078526010504,8.168078526010504,8.168078526010504,1,4,True,False,False
xdlihuno-q2::chain_hop::node5::attempt1,xdlihuno-q2::chain_hop::node5,chain_hop,1,node5,node4,Local Education Systems,True,65.0941510440025,1,0,False,1,15.217239841993432,15.217239841993432,15.217239841993432,1,6,True,False,False
xdlihuno-q2::chain_hop::node5::attempt2,xdlihuno-q2::chain_hop::node5,chain_hop,2,node5,node4,Local Education Systems,True,67.42593380098697,1,0,False,1,8.158370453980751,8.158370453980751,8.158370453980751,1,5,True,False,False
xdlihuno-q3::chain_hop::node27::attempt1,xdlihuno-q3::chain_hop::node27,chain_hop,1,node27,node4,Local Education Systems,True,64.3576503219956,2,1,False,2,49.24925611400977,41.06426631199429,24.624628057004884,2,5,True,False,False
xdlihuno-q3::chain_hop::node27::attempt2,xdlihuno-q3::chain_hop::node27,chain_hop,2,node27,node4,Local Education Systems,True,67.75319909397513,2,1,False,2,13.960567593952874,10.515139201976126,6.980283796976437,2,5,True,False,False
mnovuvpz-q1::chain_hop::node17::attempt1,mnovuvpz-q1::chain_hop::node17,chain_hop,1,node17,node6,Local Environmental Issues,True,62.258217467024224,2,1,True,2,11.612427641957765,8.159583215980092,5.806213820978883,2,3,True,False,False
mnovuvpz-q1::chain_hop::node17::attempt2,mnovuvpz-q1::chain_hop::node17,chain_hop,2,node17,node6,Local Environmental Issues,True,68.3587719600182,2,1,True,2,11.637404659006279,8.180129463988123,5.8187023295031395,2,3,True,False,False
mnovuvpz-q2::chain_hop::node17::attempt1,mnovuvpz-q2::chain_hop::node17,chain_hop,1,node17,node6,Local Environmental Issues,True,60.16831350402208,4,3,True,4,23.231735935958568,8.171011406986509,5.807933983989642,4,0,False,True,False
mnovuvpz-q2::chain_hop::node17::attempt2,mnovuvpz-q2::chain_hop::node17,chain_hop,2,node17,node6,Local Environmental Issues,True,60.065222150995396,4,3,True,4,23.194107389979763,8.153846925997641,5.798526847494941,4,0,False,True,False
mnovuvpz-q3::chain_hop::node7::attempt1,mnovuvpz-q3::chain_hop::node7,chain_hop,1,node7,node6,Local Environmental Issues,True,72.31920577498386,3,2,True,3,17.42157713798224,8.151006739994045,5.807192379327414,3,1,True,False,False
mnovuvpz-q3::chain_hop::node7::attempt2,mnovuvpz-q3::chain_hop::node7,chain_hop,2,node7,node6,Local Environmental Issues,True,74.72511387200211,3,2,True,3,17.421949529030826,8.189952109009027,5.807316509676942,3,1,True,False,False
wclueecr-q1::chain_hop::node20::attempt1,wclueecr-q1::chain_hop::node20,chain_hop,1,node20,node8,Local Environmental Issues,True,60.06820111401612,1,0,False,1,3.447108976979507,3.447108976979507,3.447108976979507,1,0,False,True,False
wclueecr-q1::chain_hop::node20::attempt2,wclueecr-q1::chain_hop::node20,chain_hop,2,node20,node8,Local Environmental Issues,True,60.0641576720227,1,0,False,1,3.4460662509955,3.4460662509955,3.4460662509955,1,0,False,True,False
wclueecr-q2::chain_hop::node9::attempt1,wclueecr-q2::chain_hop::node9,chain_hop,1,node9,node8,Local Environmental Issues,True,60.068250576005084,1,0,False,1,8.145688655000413,8.145688655000413,8.145688655000413,1,0,False,True,False
wclueecr-q2::chain_hop::node9::attempt2,wclueecr-q2::chain_hop::node9,chain_hop,2,node9,node8,Local Environmental Issues,True,60.06656480100355,1,0,False,1,8.15243019699119,8.15243019699119,8.15243019699119,1,0,False,True,False
wclueecr-q3::chain_hop::node10::attempt1,wclueecr-q3::chain_hop::node10,chain_hop,1,node10,node8,Local Environmental Issues,True,60.18381786701502,1,0,False,1,1.0938438409939408,1.0938438409939408,1.0938438409939408,1,0,False,True,False
wclueecr-q3::chain_hop::node10::attempt2,wclueecr-q3::chain_hop::node10,chain_hop,2,node10,node8,Local Environmental Issues,True,60.05895221498213,1,0,False,1,3.4562989230034873,3.4562989230034873,3.4562989230034873,1,0,False,True,False
efwdgrkh-q1::chain_hop::node4::attempt1,efwdgrkh-q1::chain_hop::node4,chain_hop,1,node4,node5,Local Environmental Issues,True,66.87980209899251,2,1,True,2,11.703595211001812,8.23883138099336,5.851797605500906,2,4,True,False,False
efwdgrkh-q1::chain_hop::node4::attempt2,efwdgrkh-q1::chain_hop::node4,chain_hop,2,node4,node5,Local Environmental Issues,True,66.51521777900052,2,1,True,2,13.984581663971767,10.540636047982844,6.992290831985883,2,4,True,False,False
efwdgrkh-q2::chain_hop::node6::attempt1,efwdgrkh-q2::chain_hop::node6,chain_hop,1,node6,node5,Local Environmental Issues,True,65.17491206800332,3,2,True,3,24.440138042002218,8.155470136989607,8.146712680667406,3,1,True,False,False
efwdgrkh-q2::chain_hop::node6::attempt2,efwdgrkh-q2::chain_hop::node6,chain_hop,2,node6,node5,Local Environmental Issues,True,65.96715588599909,3,2,True,3,24.4459680840082,8.158059631008655,8.148656028002733,3,1,True,False,False
efwdgrkh-q3::chain_hop::node29::attempt1,efwdgrkh-q3::chain_hop::node29,chain_hop,1,node29,node5,Local Environmental Issues,True,70.33227481300128,3,2,True,3,12.691408810991561,8.15472560498165,4.230469603663853,3,1,True,False,False
efwdgrkh-q3::chain_hop::node29::attempt2,efwdgrkh-q3::chain_hop::node29,chain_hop,2,node29,node5,Local Environmental Issues,True,64.11332679798943,3,2,True,3,10.344645147997653,5.796376487996895,3.448215049332551,3,1,True,False,False
sosnagnr-q1::chain_hop::node13::attempt1,sosnagnr-q1::chain_hop::node13,chain_hop,1,node13,node7,Local Environmental Issues,True,64.20468119700672,2,1,True,2,11.61381116497796,8.162237713986542,5.80690558248898,2,1,True,False,False
sosnagnr-q1::chain_hop::node13::attempt2,sosnagnr-q1::chain_hop::node13,chain_hop,2,node13,node7,Local Environmental Issues,True,63.93938240897842,2,1,True,2,11.613318357005483,8.167499834991759,5.806659178502741,2,1,True,False,False
sosnagnr-q2::chain_hop::node4::attempt1,sosnagnr-q2::chain_hop::node4,chain_hop,1,node4,node7,Local Environmental Issues,True,60.06620840000687,4,3,True,4,30.234909254970262,10.496473458973924,7.5587273137425655,4,0,False,True,False
sosnagnr-q2::chain_hop::node4::attempt2,sosnagnr-q2::chain_hop::node4,chain_hop,2,node4,node7,Local Environmental Issues,True,60.06948105999618,4,3,True,4,34.950296526018064,12.854104295023717,8.737574131504516,4,0,False,True,False
sosnagnr-q3::chain_hop::node23::attempt1,sosnagnr-q3::chain_hop::node23,chain_hop,1,node23,node7,Local Environmental Issues,True,60.07346071099164,4,3,True,4,27.919054858008167,8.165126409003278,6.979763714502042,4,0,False,True,False
sosnagnr-q3::chain_hop::node23::attempt2,sosnagnr-q3::chain_hop::node23,chain_hop,2,node23,node7,Local Environmental Issues,True,63.19885521000833,3,2,True,3,12.72646620697924,8.18530295297387,4.242155402326413,3,1,True,False,False
fedhtqla-q1::chain_hop::node12::attempt1,fedhtqla-q1::chain_hop::node12,chain_hop,1,node12,node9,Local Health and Wellness,True,60.06287263400736,1,0,False,1,3.4885665159963537,3.4885665159963537,3.4885665159963537,1,0,False,True,False
fedhtqla-q1::chain_hop::node12::attempt2,fedhtqla-q1::chain_hop::node12,chain_hop,2,node12,node9,Local Health and Wellness,True,60.06341297001927,1,0,False,1,3.505645427998388,3.505645427998388,3.505645427998388,1,0,False,True,False
fedhtqla-q2::chain_hop::node5::attempt1,fedhtqla-q2::chain_hop::node5,chain_hop,1,node5,node9,Local Health and Wellness,True,60.12260511799832,2,1,False,2,11.595504332013661,8.146553636994213,5.7977521660068305,2,0,False,True,False
fedhtqla-q2::chain_hop::node5::attempt2,fedhtqla-q2::chain_hop::node5,chain_hop,2,node5,node9,Local Health and Wellness,True,60.070086497988086,2,1,False,2,6.898378858022625,3.4509711880236864,3.4491894290113123,2,0,False,True,False
fedhtqla-q3::chain_hop::node31::attempt1,fedhtqla-q3::chain_hop::node31,chain_hop,1,node31,node9,Local Health and Wellness,True,60.05883779600845,4,3,False,4,16.188133207993815,8.194072671001777,4.047033301998454,4,0,False,True,False
fedhtqla-q3::chain_hop::node31::attempt2,fedhtqla-q3::chain_hop::node31,chain_hop,2,node31,node9,Local Health and Wellness,True,60.049176781001734,4,3,False,4,16.147911995998584,8.14911255100742,4.036977998999646,4,0,False,True,False
gjxpphdi-q1::chain_hop::node9::attempt1,gjxpphdi-q1::chain_hop::node9,chain_hop,1,node9,node10,Local Health and Wellness,True,76.70110545901116,1,0,False,1,12.860629566013813,12.860629566013813,12.860629566013813,1,5,True,False,False
gjxpphdi-q1::chain_hop::node9::attempt2,gjxpphdi-q1::chain_hop::node9,chain_hop,2,node9,node10,Local Health and Wellness,True,83.3253848440072,1,0,False,1,10.510846593999304,10.510846593999304,10.510846593999304,1,7,True,False,False
gjxpphdi-q2::chain_hop::node19::attempt1,gjxpphdi-q2::chain_hop::node19,chain_hop,1,node19,node10,Local Health and Wellness,True,60.07663359900471,1,0,False,1,3.4477548639988527,3.4477548639988527,3.4477548639988527,1,0,False,True,False
gjxpphdi-q2::chain_hop::node19::attempt2,gjxpphdi-q2::chain_hop::node19,chain_hop,2,node19,node10,Local Health and Wellness,True,60.071940927999094,1,0,False,1,3.5089138619950972,3.5089138619950972,3.5089138619950972,1,0,False,True,False
gjxpphdi-q3::chain_hop::node17::attempt1,gjxpphdi-q3::chain_hop::node17,chain_hop,1,node17,node10,Local Health and Wellness,True,71.19048480599304,2,1,False,2,11.621285143017303,8.176058438024484,5.810642571508652,2,1,True,False,False
gjxpphdi-q3::chain_hop::node17::attempt2,gjxpphdi-q3::chain_hop::node17,chain_hop,2,node17,node10,Local Health and Wellness,True,78.02675836300477,2,1,False,2,13.968344894004986,10.514619146997575,6.984172447002493,2,2,True,False,False
kdjuvvhe-q1::chain_hop::node5::attempt1,kdjuvvhe-q1::chain_hop::node5,chain_hop,1,node5,node11,Local Health and Wellness,True,100.05017848798889,2,1,True,2,16.320021364022978,8.161481492017629,8.160010682011489,2,3,True,False,False
kdjuvvhe-q1::chain_hop::node5::attempt2,kdjuvvhe-q1::chain_hop::node5,chain_hop,2,node5,node11,Local Health and Wellness,True,73.99095287598902,2,1,True,2,16.331159850029508,8.174026201013476,8.165579925014754,2,3,True,False,False
kdjuvvhe-q2::chain_hop::node13::attempt1,kdjuvvhe-q2::chain_hop::node13,chain_hop,1,node13,node11,Local Health and Wellness,True,80.62196379402303,3,2,True,3,31.54050728099537,12.845952235016739,10.513502426998457,3,3,True,False,False
kdjuvvhe-q2::chain_hop::node13::attempt2,kdjuvvhe-q2::chain_hop::node13,chain_hop,2,node13,node11,Local Health and Wellness,True,68.88160223999876,3,2,True,3,31.496642625017557,12.844811268994818,10.498880875005852,3,3,True,False,False
kdjuvvhe-q3::chain_hop::node8::attempt1,kdjuvvhe-q3::chain_hop::node8,chain_hop,1,node8,node11,Local Health and Wellness,True,60.120472045004135,3,2,False,3,10.360515663982369,3.4547861210012343,3.453505221327456,3,0,False,True,False
kdjuvvhe-q3::chain_hop::node8::attempt2,kdjuvvhe-q3::chain_hop::node8,chain_hop,2,node8,node11,Local Health and Wellness,True,60.06500559399137,3,2,False,3,10.363280029996531,3.459846298006596,3.4544266766655105,3,0,False,True,False
xzpmxgfn-q1::chain_hop::node21::attempt1,xzpmxgfn-q1::chain_hop::node21,chain_hop,1,node21,node12,Local Health and Wellness,True,60.057841695001116,4,3,False,4,13.930585244001122,3.5453760320087895,3.4826463110002805,4,0,False,True,False
xzpmxgfn-q1::chain_hop::node21::attempt2,xzpmxgfn-q1::chain_hop::node21,chain_hop,2,node21,node12,Local Health and Wellness,True,60.05526398200891,4,3,False,4,11.48150665697176,3.4742425220028963,2.87037666424294,4,0,False,True,False
xzpmxgfn-q2::chain_hop::node16::attempt1,xzpmxgfn-q2::chain_hop::node16,chain_hop,1,node16,node12,Local Health and Wellness,True,60.07207617801032,4,3,False,4,11.490780639986042,3.482105800998397,2.8726951599965105,4,0,False,True,False
xzpmxgfn-q2::chain_hop::node16::attempt2,xzpmxgfn-q2::chain_hop::node16,chain_hop,2,node16,node12,Local Health and Wellness,True,60.06901894300245,4,3,False,4,13.842266248975648,3.494624455983285,3.460566562243912,4,0,False,True,False
xzpmxgfn-q3::chain_hop::node6::attempt1,xzpmxgfn-q3::chain_hop::node6,chain_hop,1,node6,node12,Local Health and Wellness,True,60.068783180002356,4,3,False,4,30.310918948001927,10.514076007995754,7.577729737000482,4,0,False,True,False
xzpmxgfn-q3::chain_hop::node6::attempt2,xzpmxgfn-q3::chain_hop::node6,chain_hop,2,node6,node12,Local Health and Wellness,True,60.06603409300442,4,3,False,4,30.24215523802559,10.49878569401335,7.560538809506397,4,0,False,True,False
ctpkzdhm-q1::chain_hop::node4::attempt1,ctpkzdhm-q1::chain_hop::node4,chain_hop,1,node4,node13,Local News,True,64.45057436000207,1,0,False,1,10.557528453995474,10.557528453995474,10.557528453995474,1,7,True,False,False
ctpkzdhm-q1::chain_hop::node4::attempt2,ctpkzdhm-q1::chain_hop::node4,chain_hop,2,node4,node13,Local News,True,70.61059585600742,3,2,False,3,12.715739908016985,8.163171587017132,4.238579969338995,3,7,True,False,False
ctpkzdhm-q2::chain_hop::node23::attempt1,ctpkzdhm-q2::chain_hop::node23,chain_hop,1,node23,node13,Local News,True,73.61001432102057,3,2,True,3,15.071933579980396,8.1556370180042,5.023977859993465,3,1,True,False,False
ctpkzdhm-q2::chain_hop::node23::attempt2,ctpkzdhm-q2::chain_hop::node23,chain_hop,2,node23,node13,Local News,True,60.07166009998764,4,3,True,4,13.793754235026427,8.145301009994,3.4484385587566067,4,0,False,True,False
ctpkzdhm-q3::chain_hop::node21::attempt1,ctpkzdhm-q3::chain_hop::node21,chain_hop,1,node21,node13,Local News,True,60.067039891000604,4,3,False,4,25.52972474100534,10.492596566007705,6.382431185251335,4,0,False,True,False
ctpkzdhm-q3::chain_hop::node21::attempt2,ctpkzdhm-q3::chain_hop::node21,chain_hop,2,node21,node13,Local News,True,65.14212393501657,1,0,False,1,8.154150363989174,8.154150363989174,8.154150363989174,1,1,True,False,False
ieaalfsp-q1::chain_hop::node10::attempt1,ieaalfsp-q1::chain_hop::node10,chain_hop,1,node10,node14,Local News,True,60.06410897200112,1,0,False,1,3.444976561993826,3.444976561993826,3.444976561993826,1,0,False,True,False
ieaalfsp-q1::chain_hop::node10::attempt2,ieaalfsp-q1::chain_hop::node10,chain_hop,2,node10,node14,Local News,True,60.068502217996866,1,0,False,1,3.446536202012794,3.446536202012794,3.446536202012794,1,0,False,True,False
ieaalfsp-q2::chain_hop::node27::attempt1,ieaalfsp-q2::chain_hop::node27,chain_hop,1,node27,node14,Local News,True,60.05109146499308,4,3,False,4,11.486824134015478,3.4790106959990226,2.8717060335038695,4,0,False,True,False
ieaalfsp-q2::chain_hop::node27::attempt2,ieaalfsp-q2::chain_hop::node27,chain_hop,2,node27,node14,Local News,True,60.047875398013275,4,3,False,4,13.80111324499012,3.46182199701434,3.45027831124753,4,0,False,True,False
ieaalfsp-q3::chain_hop::node26::attempt1,ieaalfsp-q3::chain_hop::node26,chain_hop,1,node26,node14,Local News,True,60.16799576600897,4,3,True,4,11.413410556036979,3.4537699070060626,2.8533526390092447,4,0,False,True,False
ieaalfsp-q3::chain_hop::node26::attempt2,ieaalfsp-q3::chain_hop::node26,chain_hop,2,node26,node14,Local News,True,69.5916453320242,3,2,True,3,15.053230254008668,8.153107771009672,5.0177434180028895,3,1,True,False,False
tmjjqhwj-q1::chain_hop::node9::attempt1,tmjjqhwj-q1::chain_hop::node9,chain_hop,1,node9,node15,Local News,True,60.190511979017174,1,0,False,1,3.4423365510010626,3.4423365510010626,3.4423365510010626,1,0,False,True,False
tmjjqhwj-q1::chain_hop::node9::attempt2,tmjjqhwj-q1::chain_hop::node9,chain_hop,2,node9,node15,Local News,True,60.0691475860076,1,0,False,1,3.4635267319972627,3.4635267319972627,3.4635267319972627,1,0,False,True,False
tmjjqhwj-q2::chain_hop::node16::attempt1,tmjjqhwj-q2::chain_hop::node16,chain_hop,1,node16,node15,Local News,True,69.31655926301028,2,1,True,2,11.612697389005916,8.159045896027237,5.806348694502958,2,1,True,False,False
tmjjqhwj-q2::chain_hop::node16::attempt2,tmjjqhwj-q2::chain_hop::node16,chain_hop,2,node16,node15,Local News,True,80.51791764199152,2,1,True,2,11.604375725000864,8.149053739005467,5.802187862500432,2,1,True,False,False
tmjjqhwj-q3::chain_hop::node28::attempt1,tmjjqhwj-q3::chain_hop::node28,chain_hop,1,node28,node15,Local News,True,76.10199828201439,2,1,True,2,9.258111822011415,5.810746884002583,4.6290559110057075,2,1,True,False,False
tmjjqhwj-q3::chain_hop::node28::attempt2,tmjjqhwj-q3::chain_hop::node28,chain_hop,2,node28,node15,Local News,True,64.56708059899393,2,1,True,2,9.233704466983909,5.790735048998613,4.616852233491954,2,1,True,False,False
zxdlsong-q1::chain_hop::node23::attempt1,zxdlsong-q1::chain_hop::node23,chain_hop,1,node23,node16,Local News,True,71.33906772901537,3,2,True,3,15.047686868987512,8.147167805000208,5.015895622995838,3,2,True,False,False
zxdlsong-q1::chain_hop::node23::attempt2,zxdlsong-q1::chain_hop::node23,chain_hop,2,node23,node16,Local News,True,81.8357565930055,3,2,True,3,15.079825462016743,8.164393807004672,5.0266084873389145,3,2,True,False,False
zxdlsong-q2::chain_hop::node15::attempt1,zxdlsong-q2::chain_hop::node15,chain_hop,1,node15,node16,Local News,True,60.07168189500226,4,3,True,4,23.22970357100712,8.155343774997164,5.80742589275178,4,0,False,True,False
zxdlsong-q2::chain_hop::node15::attempt2,zxdlsong-q2::chain_hop::node15,chain_hop,2,node15,node16,Local News,True,60.07364887199947,4,3,True,4,23.2532902630046,8.191724233009154,5.81332256575115,4,0,False,True,False
zxdlsong-q3::chain_hop::node12::attempt1,zxdlsong-q3::chain_hop::node12,chain_hop,1,node12,node16,Local News,True,60.061818277987186,1,0,False,1,3.4395093170169275,3.4395093170169275,3.4395093170169275,1,0,False,True,False
zxdlsong-q3::chain_hop::node12::attempt2,zxdlsong-q3::chain_hop::node12,chain_hop,2,node12,node16,Local News,True,60.06324864999624,1,0,False,1,3.4498125330137555,3.4498125330137555,3.4498125330137555,1,0,False,True,False
cpwnauqv-q1::chain_hop::node20::attempt1,cpwnauqv-q1::chain_hop::node20,chain_hop,1,node20,node18,Local Sports and Activities,True,60.06928522299859,1,0,False,1,1.1036697489907965,1.1036697489907965,1.1036697489907965,1,0,False,True,False
cpwnauqv-q1::chain_hop::node20::attempt2,cpwnauqv-q1::chain_hop::node20,chain_hop,2,node20,node18,Local Sports and Activities,True,60.06526105402736,1,0,False,1,3.448578138020821,3.448578138020821,3.448578138020821,1,0,False,True,False
cpwnauqv-q2::chain_hop::node6::attempt1,cpwnauqv-q2::chain_hop::node6,chain_hop,1,node6,node18,Local Sports and Activities,True,60.16541838902049,4,3,False,4,20.927766713983146,10.551604565989692,5.231941678495787,4,0,False,True,False
cpwnauqv-q2::chain_hop::node6::attempt2,cpwnauqv-q2::chain_hop::node6,chain_hop,2,node6,node18,Local Sports and Activities,True,60.06944522098638,4,3,False,4,13.858527628995944,3.4740322020079475,3.464631907248986,4,0,False,True,False
cpwnauqv-q3::chain_hop::node25::attempt1,cpwnauqv-q3::chain_hop::node25,chain_hop,1,node25,node18,Local Sports and Activities,True,60.230246321007144,2,1,False,2,4.543706066004233,3.449557971995091,2.2718530330021167,2,0,False,True,False
cpwnauqv-q3::chain_hop::node25::attempt2,cpwnauqv-q3::chain_hop::node25,chain_hop,2,node25,node18,Local Sports and Activities,True,60.07832473900635,2,1,False,2,11.631091897987062,8.175623148010345,5.815545948993531,2,0,False,True,False
bqektocj-q1::chain_hop::node21::attempt1,bqektocj-q1::chain_hop::node21,chain_hop,1,node21,node17,Local Sports and Activities,True,60.12055677900207,4,3,False,4,13.821134594996693,3.4582381549989805,3.455283648749173,4,0,False,True,False
bqektocj-q1::chain_hop::node21::attempt2,bqektocj-q1::chain_hop::node21,chain_hop,2,node21,node17,Local Sports and Activities,True,60.0684439400211,4,3,False,4,13.878380693990039,3.5003961750189774,3.4695951734975097,4,0,False,True,False
bqektocj-q2::chain_hop::node19::attempt1,bqektocj-q2::chain_hop::node19,chain_hop,1,node19,node17,Local Sports and Activities,True,60.06960489100311,1,0,False,1,3.455856512009632,3.455856512009632,3.455856512009632,1,0,False,True,False
bqektocj-q2::chain_hop::node19::attempt2,bqektocj-q2::chain_hop::node19,chain_hop,2,node19,node17,Local Sports and Activities,True,60.0663371339906,1,0,False,1,3.5026493910118006,3.5026493910118006,3.5026493910118006,1,0,False,True,False
bqektocj-q3::chain_hop::node2::attempt1,bqektocj-q3::chain_hop::node2,chain_hop,1,node2,node17,Local Sports and Activities,True,60.07605082599912,4,3,True,4,23.237227253994206,8.156694987002993,5.8093068134985515,4,0,False,True,False
bqektocj-q3::chain_hop::node2::attempt2,bqektocj-q3::chain_hop::node2,chain_hop,2,node2,node17,Local Sports and Activities,True,60.07209487998625,4,3,True,4,27.893304982979316,10.49881182599347,6.973326245744829,4,0,False,True,False
nfpdibes-q1::chain_hop::node11::attempt1,nfpdibes-q1::chain_hop::node11,chain_hop,1,node11,node20,Local Sports and Activities,True,60.06212228399818,4,3,False,4,13.801254068996059,3.4671297519817017,3.4503135172490147,4,0,False,True,False
nfpdibes-q1::chain_hop::node11::attempt2,nfpdibes-q1::chain_hop::node11,chain_hop,2,node11,node20,Local Sports and Activities,True,60.06405739398906,4,3,False,4,13.778158484987216,3.4502189029881265,3.444539621246804,4,0,False,True,False
nfpdibes-q2::chain_hop::node1::attempt1,nfpdibes-q2::chain_hop::node1,chain_hop,1,node1,node20,Local Sports and Activities,True,60.065767990017775,4,3,False,4,13.805864950991236,3.4698960059904493,3.451466237747809,4,0,False,True,False
nfpdibes-q2::chain_hop::node1::attempt2,nfpdibes-q2::chain_hop::node1,chain_hop,2,node1,node20,Local Sports and Activities,True,60.06238841699087,4,3,False,4,18.528377655049553,8.15542991401162,4.632094413762388,4,0,False,True,False
nfpdibes-q3::chain_hop::node14::attempt1,nfpdibes-q3::chain_hop::node14,chain_hop,1,node14,node20,Local Sports and Activities,True,60.06237929800409,4,3,False,4,16.201563731010538,5.804162051004823,4.050390932752634,4,0,False,True,False
nfpdibes-q3::chain_hop::node14::attempt2,nfpdibes-q3::chain_hop::node14,chain_hop,2,node14,node20,Local Sports and Activities,True,60.058681859023636,4,3,False,4,13.809150435001357,3.4684923279855866,3.452287608750339,4,0,False,True,False
czplgubm-q1::chain_hop::node25::attempt1,czplgubm-q1::chain_hop::node25,chain_hop,1,node25,node19,Local Sports and Activities,True,62.50343923899345,2,1,True,2,13.966318668011809,10.50754481300828,6.983159334005904,2,2,True,False,False
czplgubm-q1::chain_hop::node25::attempt2,czplgubm-q1::chain_hop::node25,chain_hop,2,node25,node19,Local Sports and Activities,True,64.42422250800882,2,1,True,2,9.286215606000042,5.8132242069987115,4.643107803000021,2,1,True,False,False
czplgubm-q2::chain_hop::node22::attempt1,czplgubm-q2::chain_hop::node22,chain_hop,1,node22,node19,Local Sports and Activities,True,60.049179658992216,4,3,False,4,20.884277084987843,10.498473679006565,5.221069271246961,4,0,False,True,False
czplgubm-q2::chain_hop::node22::attempt2,czplgubm-q2::chain_hop::node22,chain_hop,2,node22,node19,Local Sports and Activities,True,60.05164355097804,4,3,False,4,18.541359499969985,8.154893325001467,4.635339874992496,4,0,False,True,False
czplgubm-q3::chain_hop::node20::attempt1,czplgubm-q3::chain_hop::node20,chain_hop,1,node20,node19,Local Sports and Activities,True,60.05203336599516,1,0,False,1,3.4546197970048524,3.4546197970048524,3.4546197970048524,1,0,False,True,False
czplgubm-q3::chain_hop::node20::attempt2,czplgubm-q3::chain_hop::node20,chain_hop,2,node20,node19,Local Sports and Activities,True,60.05342973698862,1,0,False,1,3.4573623389878776,3.4573623389878776,3.4573623389878776,1,0,False,True,False
dpddgmek-q1::chain_hop::node17::attempt1,dpddgmek-q1::chain_hop::node17,chain_hop,1,node17,node21,Local Technology and Innovation,True,60.05497800599551,4,3,False,4,13.817050114972517,3.4566531969758216,3.4542625287431292,4,0,False,True,False
dpddgmek-q1::chain_hop::node17::attempt2,dpddgmek-q1::chain_hop::node17,chain_hop,2,node17,node21,Local Technology and Innovation,True,60.05255811201641,4,3,False,4,16.171344340022188,5.813324296002975,4.042836085005547,4,0,False,True,False
dpddgmek-q2::chain_hop::node11::attempt1,dpddgmek-q2::chain_hop::node11,chain_hop,1,node11,node21,Local Technology and Innovation,True,60.050077357998816,4,3,False,4,13.869324550003512,3.485055327997543,3.467331137500878,4,0,False,True,False
dpddgmek-q2::chain_hop::node11::attempt2,dpddgmek-q2::chain_hop::node11,chain_hop,2,node11,node21,Local Technology and Innovation,True,60.0457921299967,4,3,False,4,13.810217944002943,3.4630226519948337,3.452554486000736,4,0,False,True,False
dpddgmek-q3::chain_hop::node9::attempt1,dpddgmek-q3::chain_hop::node9,chain_hop,1,node9,node21,Local Technology and Innovation,True,60.06872099800967,1,0,False,1,3.4581375299894717,3.4581375299894717,3.4581375299894717,1,0,False,True,False
dpddgmek-q3::chain_hop::node9::attempt2,dpddgmek-q3::chain_hop::node9,chain_hop,2,node9,node21,Local Technology and Innovation,True,60.063098944025114,1,0,False,1,3.4599838470167015,3.4599838470167015,3.4599838470167015,1,0,False,True,False
fmemilkk-q1::chain_hop::node1::attempt1,fmemilkk-q1::chain_hop::node1,chain_hop,1,node1,node22,Local Technology and Innovation,True,60.07256433001021,4,3,False,4,13.80827679199865,3.460544186993502,3.4520691979996627,4,0,False,True,False
fmemilkk-q1::chain_hop::node1::attempt2,fmemilkk-q1::chain_hop::node1,chain_hop,2,node1,node22,Local Technology and Innovation,True,60.06668547098525,4,3,False,4,13.86855302398908,3.51479004099383,3.46713825599727,4,0,False,True,False
fmemilkk-q2::chain_hop::node4::attempt1,fmemilkk-q2::chain_hop::node4,chain_hop,1,node4,node22,Local Technology and Innovation,True,60.12871350799105,4,3,False,4,27.92746167103178,8.156425260007381,6.981865417757945,4,0,False,True,False
fmemilkk-q2::chain_hop::node4::attempt2,fmemilkk-q2::chain_hop::node4,chain_hop,2,node4,node22,Local Technology and Innovation,True,60.06909145397367,4,3,False,4,27.93684276199201,8.162318511022022,6.984210690498003,4,0,False,True,False
fmemilkk-q3::chain_hop::node29::attempt1,fmemilkk-q3::chain_hop::node29,chain_hop,1,node29,node22,Local Technology and Innovation,True,71.8293358469964,3,2,True,3,15.099488891020883,8.165860363020329,5.033162963673628,3,1,True,False,False
fmemilkk-q3::chain_hop::node29::attempt2,fmemilkk-q3::chain_hop::node29,chain_hop,2,node29,node22,Local Technology and Innovation,True,63.22425526598818,3,2,True,3,15.045195839018561,8.147526310000103,5.015065279672854,3,1,True,False,False
zxguquid-q1::chain_hop::node22::attempt1,zxguquid-q1::chain_hop::node22,chain_hop,1,node22,node24,Local Technology and Innovation,True,60.07581394200679,4,3,False,4,13.810092339961557,3.456417868990684,3.452523084990389,4,0,False,True,False
zxguquid-q1::chain_hop::node22::attempt2,zxguquid-q1::chain_hop::node22,chain_hop,2,node22,node24,Local Technology and Innovation,True,60.074806523974985,4,3,False,4,13.847198879986536,3.491143500985345,3.461799719996634,4,0,False,True,False
zxguquid-q2::chain_hop::node12::attempt1,zxguquid-q2::chain_hop::node12,chain_hop,1,node12,node24,Local Technology and Innovation,True,60.068787833006354,1,0,False,1,3.458021384984022,3.458021384984022,3.458021384984022,1,0,False,True,False
zxguquid-q2::chain_hop::node12::attempt2,zxguquid-q2::chain_hop::node12,chain_hop,2,node12,node24,Local Technology and Innovation,True,60.06494050699985,1,0,False,1,3.516110470984131,3.516110470984131,3.516110470984131,1,0,False,True,False
zxguquid-q3::chain_hop::node24::attempt1,zxguquid-q3::chain_hop::node24,chain_hop,1,node24,node24,Local Technology and Innovation,True,60.17017588298768,4,3,True,4,18.530103600001894,8.155680035997648,4.6325259000004735,4,0,False,True,False
zxguquid-q3::chain_hop::node24::attempt2,zxguquid-q3::chain_hop::node24,chain_hop,2,node24,node24,Local Technology and Innovation,True,60.0678827209922,4,3,True,4,18.4988782890141,8.14727667500847,4.624719572253525,4,0,False,True,False
vmeykjdg-q1::chain_hop::node28::attempt1,vmeykjdg-q1::chain_hop::node28,chain_hop,1,node28,node23,Local Technology and Innovation,True,71.18002859101398,2,1,True,2,13.992528561968356,8.166016152972588,6.996264280984178,2,3,True,False,False
vmeykjdg-q1::chain_hop::node28::attempt2,vmeykjdg-q1::chain_hop::node28,chain_hop,2,node28,node23,Local Technology and Innovation,True,68.97461250200286,2,1,True,2,11.624282953998772,8.153889498993522,5.812141476999386,2,3,True,False,False
vmeykjdg-q2::chain_hop::node32::attempt1,vmeykjdg-q2::chain_hop::node32,chain_hop,1,node32,node23,Local Technology and Innovation,True,60.06519427499734,4,3,True,4,18.542609957017703,8.15804477900383,4.635652489254426,4,0,False,True,False
vmeykjdg-q2::chain_hop::node32::attempt2,vmeykjdg-q2::chain_hop::node32,chain_hop,2,node32,node23,Local Technology and Innovation,True,60.06610642999294,4,3,True,4,18.530546240974218,8.180342857987853,4.632636560243554,4,0,False,True,False
vmeykjdg-q3::chain_hop::node1::attempt1,vmeykjdg-q3::chain_hop::node1,chain_hop,1,node1,node23,Local Technology and Innovation,True,60.06625654999516,4,3,False,4,13.803032484982396,3.4527493139903527,3.450758121245599,4,0,False,True,False
vmeykjdg-q3::chain_hop::node1::attempt2,vmeykjdg-q3::chain_hop::node1,chain_hop,2,node1,node23,Local Technology and Innovation,True,60.06704130198341,4,3,False,4,13.863459777989192,3.4832712310017087,3.465864944497298,4,0,False,True,False
npclxwgu-q1::chain_hop::node6::attempt1,npclxwgu-q1::chain_hop::node6,chain_hop,1,node6,node25,Regional Cuisine and Recipes,True,60.06109856200055,4,3,False,4,20.848778999992646,10.502819746005116,5.212194749998162,4,0,False,True,False
npclxwgu-q1::chain_hop::node6::attempt2,npclxwgu-q1::chain_hop::node6,chain_hop,2,node6,node25,Regional Cuisine and Recipes,True,60.06700835900847,4,3,False,4,18.491153446986573,8.146307104994776,4.622788361746643,4,0,False,True,False
npclxwgu-q2::chain_hop::node26::attempt1,npclxwgu-q2::chain_hop::node26,chain_hop,1,node26,node25,Regional Cuisine and Recipes,True,60.07310156800668,4,3,False,4,39.686801897973055,22.289137891988503,9.921700474493264,4,0,False,True,False
npclxwgu-q2::chain_hop::node26::attempt2,npclxwgu-q2::chain_hop::node26,chain_hop,2,node26,node25,Regional Cuisine and Recipes,True,60.06632764797541,4,3,False,4,23.205942812986905,10.49407359099132,5.801485703246726,4,0,False,True,False
npclxwgu-q3::chain_hop::node21::attempt1,npclxwgu-q3::chain_hop::node21,chain_hop,1,node21,node25,Regional Cuisine and Recipes,True,60.07107677299064,4,3,False,4,16.1777868050267,8.156618994020391,4.044446701256675,4,0,False,True,False
npclxwgu-q3::chain_hop::node21::attempt2,npclxwgu-q3::chain_hop::node21,chain_hop,2,node21,node25,Regional Cuisine and Recipes,True,60.06039076097659,4,3,False,4,18.51850485894829,10.504598280007485,4.629626214737073,4,0,False,True,False
tnhsojfg-q1::chain_hop::node17::attempt1,tnhsojfg-q1::chain_hop::node17,chain_hop,1,node17,node27,Regional Cuisine and Recipes,True,60.05880933100707,4,3,False,4,13.829735765029909,3.4995092200115323,3.4574339412574773,4,0,False,True,False
tnhsojfg-q1::chain_hop::node17::attempt2,tnhsojfg-q1::chain_hop::node17,chain_hop,2,node17,node27,Regional Cuisine and Recipes,True,60.069114294979954,4,3,False,4,13.843255133979255,3.4683975179796107,3.460813783494814,4,0,False,True,False
tnhsojfg-q2::chain_hop::node22::attempt1,tnhsojfg-q2::chain_hop::node22,chain_hop,1,node22,node27,Regional Cuisine and Recipes,True,60.06717193700024,4,3,False,4,13.873564955982147,3.502170688007027,3.4683912389955367,4,0,False,True,False
tnhsojfg-q2::chain_hop::node22::attempt2,tnhsojfg-q2::chain_hop::node22,chain_hop,2,node22,node27,Regional Cuisine and Recipes,True,60.0707583540061,4,3,False,4,13.804477620928083,3.4528368649771437,3.4511194052320207,4,0,False,True,False
tnhsojfg-q3::chain_hop::node30::attempt1,tnhsojfg-q3::chain_hop::node30,chain_hop,1,node30,node27,Regional Cuisine and Recipes,True,60.086172435985645,4,3,False,4,23.2476991690055,12.866130148002412,5.811924792251375,4,0,False,True,False
tnhsojfg-q3::chain_hop::node30::attempt2,tnhsojfg-q3::chain_hop::node30,chain_hop,2,node30,node27,Regional Cuisine and Recipes,True,60.07796242801123,4,3,False,4,23.23406977704144,12.867903140024282,5.80851744426036,4,0,False,True,False
tvwfwgad-q1::chain_hop::node9::attempt1,tvwfwgad-q1::chain_hop::node9,chain_hop,1,node9,node28,Regional Cuisine and Recipes,True,60.07010726002045,1,0,False,1,3.470317735016579,3.470317735016579,3.470317735016579,1,0,False,True,False
tvwfwgad-q1::chain_hop::node9::attempt2,tvwfwgad-q1::chain_hop::node9,chain_hop,2,node9,node28,Regional Cuisine and Recipes,True,60.06715634898865,1,0,False,1,3.458533417986473,3.458533417986473,3.458533417986473,1,0,False,True,False
tvwfwgad-q2::chain_hop::node26::attempt1,tvwfwgad-q2::chain_hop::node26,chain_hop,1,node26,node28,Regional Cuisine and Recipes,True,60.06872681900859,4,3,True,4,23.229381320998073,8.150563768984284,5.807345330249518,4,0,False,True,False
tvwfwgad-q2::chain_hop::node26::attempt2,tvwfwgad-q2::chain_hop::node26,chain_hop,2,node26,node28,Regional Cuisine and Recipes,True,60.06792038099957,4,3,True,4,23.254158554016612,8.187371573003475,5.813539638504153,4,0,False,True,False
tvwfwgad-q3::chain_hop::node6::attempt1,tvwfwgad-q3::chain_hop::node6,chain_hop,1,node6,node28,Regional Cuisine and Recipes,True,60.046138034027535,4,3,False,4,18.522105859068688,8.138403573015239,4.630526464767172,4,0,False,True,False
tvwfwgad-q3::chain_hop::node6::attempt2,tvwfwgad-q3::chain_hop::node6,chain_hop,2,node6,node28,Regional Cuisine and Recipes,True,60.04961505398387,4,3,False,4,20.888402028969722,10.500738693983294,5.2221005072424305,4,0,False,True,False
rgcyyrhb-q1::chain_hop::node10::attempt1,rgcyyrhb-q1::chain_hop::node10,chain_hop,1,node10,node26,Regional Cuisine and Recipes,True,60.0702269100002,1,0,False,1,3.438714379008161,3.438714379008161,3.438714379008161,1,0,False,True,False
rgcyyrhb-q1::chain_hop::node10::attempt2,rgcyyrhb-q1::chain_hop::node10,chain_hop,2,node10,node26,Regional Cuisine and Recipes,True,60.06734506000066,1,0,False,1,3.4885665609908756,3.4885665609908756,3.4885665609908756,1,0,False,True,False
rgcyyrhb-q2::chain_hop::node6::attempt1,rgcyyrhb-q2::chain_hop::node6,chain_hop,1,node6,node26,Regional Cuisine and Recipes,True,60.141010527004255,4,3,False,4,13.817174608033383,3.4855021469993517,3.454293652008346,4,0,False,True,False
rgcyyrhb-q2::chain_hop::node6::attempt2,rgcyyrhb-q2::chain_hop::node6,chain_hop,2,node6,node26,Regional Cuisine and Recipes,True,60.06340718999854,4,3,False,4,13.860276117979083,3.493419445992913,3.465069029494771,4,0,False,True,False
rgcyyrhb-q3::chain_hop::node31::attempt1,rgcyyrhb-q3::chain_hop::node31,chain_hop,1,node31,node26,Regional Cuisine and Recipes,True,154.5252006239898,2,1,True,2,11.638317351986188,8.152134726988152,5.819158675993094,2,1,True,False,False
rgcyyrhb-q3::chain_hop::node31::attempt2,rgcyyrhb-q3::chain_hop::node31,chain_hop,2,node31,node26,Regional Cuisine and Recipes,True,68.21608385400032,2,1,True,2,11.66422227001749,8.148724897007924,5.832111135008745,2,2,True,False,False
hlhkurnf-q1::chain_hop::node6::attempt1,hlhkurnf-q1::chain_hop::node6,chain_hop,1,node6,node31,Regional Folklore and Myths,True,60.06405318999896,4,3,False,4,23.195046449953225,8.154141265986254,5.798761612488306,4,0,False,True,False
hlhkurnf-q1::chain_hop::node6::attempt2,hlhkurnf-q1::chain_hop::node6,chain_hop,2,node6,node31,Regional Folklore and Myths,True,60.06375322100939,4,3,False,4,25.553222574002575,10.498881384002743,6.388305643500644,4,0,False,True,False
hlhkurnf-q2::chain_hop::node1::attempt1,hlhkurnf-q2::chain_hop::node1,chain_hop,1,node1,node31,Regional Folklore and Myths,True,66.33784514199942,2,1,False,2,21.06099271599669,10.566159303998575,10.530496357998345,2,1,True,False,False
hlhkurnf-q2::chain_hop::node1::attempt2,hlhkurnf-q2::chain_hop::node1,chain_hop,2,node1,node31,Regional Folklore and Myths,True,74.9362009879842,2,1,False,2,21.027405261993408,10.519187935977243,10.513702630996704,2,1,True,False,False
hlhkurnf-q3::chain_hop::node24::attempt1,hlhkurnf-q3::chain_hop::node24,chain_hop,1,node24,node31,Regional Folklore and Myths,True,60.053346790984506,4,3,False,4,13.784160076989792,3.4507346829923335,3.446040019247448,4,0,False,True,False
hlhkurnf-q3::chain_hop::node24::attempt2,hlhkurnf-q3::chain_hop::node24,chain_hop,2,node24,node31,Regional Folklore and Myths,True,60.05333980199066,4,3,False,4,13.82236728197313,3.4621765830088407,3.4555918204932823,4,0,False,True,False
coxotzft-q1::chain_hop::node6::attempt1,coxotzft-q1::chain_hop::node6,chain_hop,1,node6,node30,Regional Folklore and Myths,True,60.06574742301018,4,3,False,4,20.86354255102924,10.497093817015411,5.21588563775731,4,0,False,True,False
coxotzft-q1::chain_hop::node6::attempt2,coxotzft-q1::chain_hop::node6,chain_hop,2,node6,node30,Regional Folklore and Myths,True,60.07043932599481,4,3,False,4,18.498673613969004,8.149964632000774,4.624668403492251,4,0,False,True,False
coxotzft-q2::chain_hop::node20::attempt1,coxotzft-q2::chain_hop::node20,chain_hop,1,node20,node30,Regional Folklore and Myths,True,60.07605449898983,1,0,False,1,3.467610313993646,3.467610313993646,3.467610313993646,1,0,False,True,False
coxotzft-q2::chain_hop::node20::attempt2,coxotzft-q2::chain_hop::node20,chain_hop,2,node20,node30,Regional Folklore and Myths,True,60.074154383997666,1,0,False,1,3.452716568019241,3.452716568019241,3.452716568019241,1,0,False,True,False
coxotzft-q3::chain_hop::node22::attempt1,coxotzft-q3::chain_hop::node22,chain_hop,1,node22,node30,Regional Folklore and Myths,True,60.067973189026816,3,2,False,3,10.335430980019737,3.4482141390035395,3.445143660006579,3,0,False,True,False
coxotzft-q3::chain_hop::node22::attempt2,coxotzft-q3::chain_hop::node22,chain_hop,2,node22,node30,Regional Folklore and Myths,True,60.06256836702232,3,2,False,3,17.47071459199651,10.501874338980997,5.823571530665504,3,0,False,True,False
lqzpubhr-q1::chain_hop::node24::attempt1,lqzpubhr-q1::chain_hop::node24,chain_hop,1,node24,node32,Regional Folklore and Myths,True,60.06536156099173,4,3,False,4,23.213369937991956,8.164672172977589,5.803342484497989,4,0,False,True,False
lqzpubhr-q1::chain_hop::node24::attempt2,lqzpubhr-q1::chain_hop::node24,chain_hop,2,node24,node32,Regional Folklore and Myths,True,60.190620973997284,4,3,False,4,23.26393007999286,8.153157150984043,5.815982519998215,4,0,False,True,False
lqzpubhr-q2::chain_hop::node19::attempt1,lqzpubhr-q2::chain_hop::node19,chain_hop,1,node19,node32,Regional Folklore and Myths,True,60.06901683702017,1,0,False,1,3.4464936749718618,3.4464936749718618,3.4464936749718618,1,0,False,True,False
lqzpubhr-q2::chain_hop::node19::attempt2,lqzpubhr-q2::chain_hop::node19,chain_hop,2,node19,node32,Regional Folklore and Myths,True,60.06593365999288,1,0,False,1,8.15058851800859,8.15058851800859,8.15058851800859,1,0,False,True,False
lqzpubhr-q3::chain_hop::node22::attempt1,lqzpubhr-q3::chain_hop::node22,chain_hop,1,node22,node32,Regional Folklore and Myths,True,60.06997932100785,4,3,False,4,23.247195625997847,12.855118196021067,5.811798906499462,4,0,False,True,False
lqzpubhr-q3::chain_hop::node22::attempt2,lqzpubhr-q3::chain_hop::node22,chain_hop,2,node22,node32,Regional Folklore and Myths,True,60.064419053989695,4,3,False,4,25.592768510978203,10.504673417977756,6.398192127744551,4,0,False,True,False
cnysnjlb-q1::chain_hop::node11::attempt1,cnysnjlb-q1::chain_hop::node11,chain_hop,1,node11,node29,Regional Folklore and Myths,True,60.05790576498839,4,3,False,4,13.886645809019683,3.5194229330227245,3.4716614522549207,4,0,False,True,False
cnysnjlb-q1::chain_hop::node11::attempt2,cnysnjlb-q1::chain_hop::node11,chain_hop,2,node11,node29,Regional Folklore and Myths,True,60.08110137601034,4,3,False,4,16.2170566500281,5.79477011601557,4.054264162507025,4,0,False,True,False
cnysnjlb-q2::chain_hop::node6::attempt1,cnysnjlb-q2::chain_hop::node6,chain_hop,1,node6,node29,Regional Folklore and Myths,True,60.071662532980554,4,3,False,4,16.304950930003542,5.860875604004832,4.076237732500886,4,0,False,True,False
cnysnjlb-q2::chain_hop::node6::attempt2,cnysnjlb-q2::chain_hop::node6,chain_hop,2,node6,node29,Regional Folklore and Myths,True,60.070300968014635,4,3,False,4,13.914239498000825,3.554275192989735,3.478559874500206,4,0,False,True,False
cnysnjlb-q3::chain_hop::node28::attempt1,cnysnjlb-q3::chain_hop::node28,chain_hop,1,node28,node29,Regional Folklore and Myths,True,60.059820534981554,4,3,False,4,18.524572875001468,5.799237530009123,4.631143218750367,4,0,False,True,False
cnysnjlb-q3::chain_hop::node28::attempt2,cnysnjlb-q3::chain_hop::node28,chain_hop,2,node28,node29,Regional Folklore and Myths,True,60.07154525601072,4,3,False,4,16.164658301044255,5.809149355016416,4.041164575261064,4,0,False,True,False
